<?xml version="1.0" encoding="UTF-8" ?>
<!DOCTYPE mapper PUBLIC "-//mybatis.org//DTD Mapper 3.0//EN" "http://mybatis.org/dtd/mybatis-3-mapper.dtd" >
<mapper namespace="com.pactera.bg.budsc.bank.yongfu.mapper.RegisterMapper">
	<resultMap id="BaseResultMap" type="com.pactera.bg.budsc.bank.yongfu.po.Register">
		<id column="id" property="id" jdbcType="VARCHAR" />
		<result column="user_name" property="userName" jdbcType="VARCHAR" />
		<result column="password" property="password" jdbcType="VARCHAR" />
		<result column="update_time" property="updateTime" jdbcType="DATE" />
		<result column="mobile_num" property="mobileNum" jdbcType="VARCHAR" />
		<result column="register_ip" property="registerIp" jdbcType="VARCHAR" />
	</resultMap>
	<sql id="Base_Column_List">
		user_name, password, update_time, mobile_num,register_ip
	</sql>

	<insert id="insert" parameterType="com.pactera.bg.budsc.bank.yongfu.po.Register">
		insert into pmap_user_register (
		<include refid="Base_Column_List" />
		)
		values (#{userName,jdbcType=VARCHAR}, #{password,jdbcType=VARCHAR},
		sysdate(), #{mobileNum,jdbcType=VARCHAR},
		#{registerIp,jdbcType=VARCHAR})
	</insert>

	<select id="selectByUserName" resultMap="BaseResultMap" parameterType="java.lang.String">
		select <include refid="Base_Column_List" /> from pmap_user_register
		<where>
			and user_name = #{userName}
		</where>
	</select>
</mapper>