<?xml version="1.0" encoding="UTF-8" ?>
<!DOCTYPE mapper PUBLIC "-//mybatis.org//DTD Mapper 3.0//EN" "http://mybatis.org/dtd/mybatis-3-mapper.dtd" >
<mapper namespace="com.pactera.bg.budsc.bank.yongfu.mapper.UserRegistrationIdMapper">
	<resultMap id="BaseResultMap" type="com.pactera.bg.budsc.bank.yongfu.po.UserRegistrationId">
		<id column="user_name" property="userName" jdbcType="VARCHAR" />
		<result column="registration_id" property="registrationId" jdbcType="VARCHAR" />
		<result column="create_Time" property="createTime" jdbcType="TIMESTAMP" />
	</resultMap>

	<sql id="Base_Column_List">
		user_name, registration_id, create_Time
	</sql>

	<select id="selectByPrimaryKey" resultMap="BaseResultMap" parameterType="java.lang.String">
		select
		<include refid="Base_Column_List" />
		from pmap_user_registrationId
		<where>
			and user_name = #{userName,jdbcType=VARCHAR}
		</where>
	</select>

	<insert id="insert" parameterType="com.pactera.bg.budsc.bank.yongfu.po.UserRegistrationId">
		insert into pmap_user_registrationId (
		<include refid="Base_Column_List" />
		)
		values (#{userName,jdbcType=VARCHAR}, #{registrationId,jdbcType=VARCHAR},sysdate()
		)
	</insert>

	<update id="update" parameterType="com.pactera.bg.budsc.bank.yongfu.po.UserRegistrationId">
		update pmap_user_registrationId
		<set>
			registration_id = #{registrationId,jdbcType=VARCHAR},
			create_Time = sysdate(),
		</set>
		<where>
			and user_name = #{userName,jdbcType=VARCHAR}
		</where>
	</update>
</mapper>